0.004999,230.000000,0.053989,0.000000,-0.000000,10000.000000,1.586866,0.012009
0.009999,230.000061,-0.000143,0.000136,0.000268,10000.000000,1.586858,0.011965
0.014999,230.000061,-0.000231,0.000136,0.000267,10000.000000,1.586892,0.011924
0.019999,230.000076,-0.000321,0.000136,0.000266,10000.000000,1.586997,0.011896
0.024999,230.000076,-0.000404,0.000135,0.000264,10000.000000,1.587151,0.011874
0.029999,230.000091,-0.000482,0.000135,0.000262,10000.000000,1.587335,0.011853
0.034999,230.000091,-0.000552,0.000135,0.000259,10000.000000,1.587541,0.011831
0.039999,230.000091,-0.000616,0.000135,0.000257,10000.000000,1.587756,0.011808
0.044999,230.000091,-0.000675,0.000134,0.000253,10000.000000,1.587969,0.011782
0.049999,230.000091,-0.000727,0.000134,0.000250,10000.000000,1.588173,0.011756
0.054999,230.000106,-0.000773,0.000134,0.000246,10000.000000,1.588356,0.011729
0.059999,230.000106,-0.000812,0.000134,0.000242,10000.000000,1.588512,0.011701
0.064999,230.000106,-0.000846,0.000135,0.000238,10000.000000,1.588641,0.011672
0.069999,230.000106,-0.000874,0.000135,0.000234,10000.000000,1.588755,0.011644
0.074999,230.000122,-0.000896,0.000135,0.000229,10000.000000,1.588848,0.011615
0.079999,230.000122,-0.000912,0.000136,0.000225,10000.000000,1.588920,0.011586
0.085000,230.000122,-0.000924,0.000137,0.000220,10000.000000,1.588972,0.011556
0.090000,230.000122,-0.000929,0.000137,0.000216,10000.000000,1.588999,0.011526
0.095000,230.000137,-0.000934,0.000139,0.000211,10000.000000,1.589003,0.011496
0.100000,230.000137,-0.000932,0.000140,0.000207,10000.000000,1.589001,0.011466
0.105000,230.000137,-0.000925,0.000141,0.000202,10000.000000,1.588987,0.011435
0.110000,230.000137,-0.000915,0.000143,0.000197,10000.000000,1.588963,0.011405
0.115000,230.000152,-0.000903,0.000145,0.000193,10000.000000,1.588932,0.011374
0.120000,230.000152,-0.000888,0.000148,0.000188,10000.000000,1.588889,0.011343
0.125000,230.000167,-0.000873,0.000150,0.000184,10000.000000,1.588835,0.011312
0.130000,230.000167,-0.000855,0.000153,0.000180,10000.000000,1.588786,0.011281
0.135000,230.000167,-0.000833,0.000156,0.000175,10000.000000,1.588737,0.011250
0.140000,230.000167,-0.000813,0.000159,0.000171,10000.000000,1.588690,0.011219
0.144999,230.000183,-0.000793,0.000163,0.000167,10000.000000,1.588637,0.011188
0.149999,230.000183,-0.000773,0.000167,0.000163,10000.000000,1.588580,0.011157
0.154999,230.000183,-0.000751,0.000171,0.000159,10000.000000,1.588535,0.011126
0.159999,230.000198,-0.000733,0.000176,0.000155,10000.000000,1.588495,0.011095
0.164999,230.000198,-0.000715,0.000181,0.000151,10000.000000,1.588460,0.011064
0.169999,230.000198,-0.000697,0.000186,0.000147,10000.000000,1.588424,0.011034
0.174999,230.000213,-0.000683,0.000191,0.000143,10000.000000,1.588402,0.011003
0.179999,230.000213,-0.000670,0.000197,0.000140,10000.000000,1.588387,0.010973
0.184999,230.000213,-0.000661,0.000203,0.000137,10000.000000,1.588378,0.010943
0.189999,230.000228,-0.000656,0.000210,0.000133,10000.000000,1.588369,0.010913
0.194999,230.000228,-0.000651,0.000216,0.000130,10000.000000,1.588375,0.010883
0.199999,230.000244,-0.000653,0.000223,0.000126,10000.000000,1.588396,0.010853
0.204999,230.000244,-0.000657,0.000231,0.000123,10000.000000,1.588424,0.010824
0.209999,230.000259,-0.000669,0.000238,0.000119,10000.000000,1.588460,0.010794
0.214999,230.000259,-0.000682,0.000247,0.000116,10000.000000,1.588496,0.010765
0.219999,230.000274,-0.000702,0.000255,0.000112,10000.000000,1.588546,0.010735
0.224999,230.000274,-0.000725,0.000264,0.000108,10000.000000,1.588604,0.010706
0.229999,230.000274,-0.000755,0.000273,0.000104,10000.000000,1.588670,0.010677
0.234999,230.000289,-0.000794,0.000282,0.000100,10000.000000,1.588742,0.010649
0.239999,230.000289,-0.000834,0.000292,0.000096,10000.000000,1.588815,0.010620
0.244999,230.000305,-0.000883,0.000302,0.000092,10000.000000,1.588902,0.010591
0.249999,230.000320,-0.000940,0.000312,0.000087,10000.000000,1.588996,0.010563
0.254999,230.000335,-0.001001,0.000323,0.000082,10000.000000,1.589097,0.010535
0.259999,230.000335,-0.001070,0.000334,0.000077,10000.000000,1.589206,0.010506
0.264999,230.000350,-0.001147,0.000345,0.000071,10000.000000,1.589314,0.010478
0.269999,230.000350,-0.001231,0.000356,0.000065,10000.000000,1.589436,0.010451
0.274999,230.000366,-0.001323,0.000368,0.000058,10000.000000,1.589565,0.010423
0.279999,230.000381,-0.001423,0.000380,0.000051,10000.000000,1.589701,0.010395
0.284999,230.000396,-0.001531,0.000393,0.000044,10000.000000,1.589844,0.010368
0.289999,230.000396,-0.001646,0.000406,0.000036,10000.000000,1.589986,0.010340
0.294999,230.000411,-0.001771,0.000419,0.000027,10000.000000,1.590143,0.010313
0.299999,230.000427,-0.001905,0.000432,0.000018,10000.000000,1.590306,0.010286
0.304999,230.000442,-0.002047,0.000446,0.000008,10000.000000,1.590475,0.010259
0.309999,230.000442,-0.002198,0.000459,-0.000001,10000.000000,1.590651,0.010232
0.314999,230.000442,-0.002358,0.000474,-0.000012,10000.000000,1.590826,0.010206
0.319999,230.000442,-0.002525,0.000488,-0.000024,10000.000000,1.591015,0.010179
0.324999,230.000442,-0.002704,0.000503,-0.000037,10000.000000,1.591211,0.010153
0.329999,230.000442,-0.002891,0.000518,-0.000050,10000.000000,1.591413,0.010126
0.334999,230.000442,-0.003089,0.000533,-0.000065,10000.000000,1.591621,0.010100
0.339999,230.000442,-0.003297,0.000549,-0.000080,10000.000000,1.591827,0.010074
0.344999,230.000442,-0.003513,0.000565,-0.000097,10000.000000,1.592048,0.010048
0.349999,230.000442,-0.003741,0.000581,-0.000114,10000.000000,1.592274,0.010022
0.354999,230.000457,-0.003982,0.000597,-0.000133,10000.000000,1.592507,0.009996
0.359999,230.000457,-0.004231,0.000614,-0.000152,10000.000000,1.592746,0.009971
0.364999,230.000457,-0.004490,0.000631,-0.000174,10000.000000,1.592983,0.009945
0.369999,230.000457,-0.004758,0.000648,-0.000197,10000.000000,1.593233,0.009920
0.374999,230.000457,-0.005040,0.000666,-0.000220,10000.000000,1.593490,0.009895
0.379999,230.000473,-0.005332,0.000683,-0.000246,10000.000000,1.593752,0.009870
0.384999,230.000473,-0.005635,0.000701,-0.000273,10000.000000,1.594020,0.009845
0.389999,230.000488,-0.005951,0.000719,-0.000301,10000.000000,1.594286,0.009820
0.394999,230.000488,-0.006276,0.000738,-0.000330,10000.000000,1.594565,0.009795
0.399999,230.000488,-0.006613,0.000756,-0.000362,10000.000000,1.594850,0.009771
0.404999,230.000503,-0.006961,0.000775,-0.000396,10000.000000,1.595140,0.009746
0.409999,230.000503,-0.007322,0.000794,-0.000431,10000.000000,1.595436,0.009722
0.414999,230.000518,-0.007696,0.000814,-0.000468,10000.000000,1.595745,0.009698
0.419999,230.000534,-0.008079,0.000833,-0.000506,10000.000000,1.596066,0.009673
0.424999,230.000534,-0.008476,0.000853,-0.000547,10000.000000,1.596400,0.009649
0.429999,230.000549,-0.008885,0.000873,-0.000590,10000.000000,1.596740,0.009625
0.434999,230.000549,-0.009306,0.000894,-0.000635,10000.000000,1.597084,0.009602
0.439999,230.000564,-0.009739,0.000914,-0.000681,10000.000000,1.597434,0.009578
0.444999,230.000579,-0.010186,0.000935,-0.000730,10000.000000,1.597782,0.009554
0.449999,230.000579,-0.010644,0.000956,-0.000782,10000.000000,1.598142,0.009531
0.454999,230.000610,-0.011117,0.000977,-0.000835,10000.000000,1.598514,0.009507
0.459999,230.000610,-0.011601,0.000998,-0.000891,10000.000000,1.598899,0.009484
0.464999,230.000610,-0.012096,0.001020,-0.000949,10000.000000,1.599289,0.009461
0.469999,230.000610,-0.012606,0.001042,-0.001010,10000.000000,1.599684,0.009438
0.474999,230.000610,-0.013127,0.001064,-0.001073,10000.000000,1.600083,0.009415
0.479999,230.000625,-0.013664,0.001086,-0.001139,10000.000000,1.600488,0.009392
0.484999,230.000610,-0.014213,0.001108,-0.001207,10000.000000,1.600897,0.009369
0.489999,230.000610,-0.014775,0.001131,-0.001278,10000.000000,1.601311,0.009347
0.494999,230.000625,-0.015351,0.001154,-0.001352,10000.000000,1.601722,0.009324
0.499999,230.000625,-0.015940,0.001177,-0.001429,10000.000000,1.602145,0.009302
0.504999,230.000625,-0.016542,0.001200,-0.001508,10000.000000,1.602580,0.009280
0.509999,230.000625,-0.017159,0.001223,-0.001591,10000.000000,1.603027,0.009257
0.514999,230.000625,-0.017789,0.001247,-0.001678,10000.000000,1.603485,0.009235
0.519999,230.000640,-0.018434,0.001270,-0.001767,10000.000000,1.603956,0.009213
0.524999,230.000640,-0.019092,0.001294,-0.001859,10000.000000,1.604439,0.009191
0.529999,230.000656,-0.019765,0.001318,-0.001955,10000.000000,1.604933,0.009169
0.534999,230.000656,-0.020451,0.001343,-0.002054,10000.000000,1.605439,0.009148
0.539999,230.000656,-0.021151,0.001367,-0.002157,10000.000000,1.605957,0.009126
0.544999,230.000686,-0.021868,0.001392,-0.002263,10000.000000,1.606486,0.009105
0.549999,230.000686,-0.022595,0.001416,-0.002373,10000.000000,1.607012,0.009083
0.554999,230.000701,-0.023340,0.001441,-0.002486,10000.000000,1.607535,0.009062
0.559999,230.000701,-0.024097,0.001467,-0.002603,10000.000000,1.608055,0.009041
0.564999,230.000701,-0.024869,0.001492,-0.002724,10000.000000,1.608579,0.009019
0.569999,230.000701,-0.025654,0.001517,-0.002848,10000.000000,1.609107,0.008998
0.574999,230.000701,-0.026455,0.001543,-0.002976,10000.000000,1.609638,0.008977
0.579999,230.000686,-0.027270,0.001569,-0.003109,10000.000000,1.610174,0.008957
0.584999,230.000686,-0.028098,0.001594,-0.003245,10000.000000,1.610714,0.008936
0.589999,230.000701,-0.028946,0.001621,-0.003385,10000.000000,1.611257,0.008915
0.594999,230.000686,-0.029803,0.001647,-0.003530,10000.000000,1.611804,0.008895
0.599999,230.000701,-0.030680,0.001673,-0.003679,10000.000000,1.612355,0.008874
0.604999,230.000701,-0.031569,0.001700,-0.003833,10000.000000,1.612909,0.008854
0.609999,230.000701,-0.032472,0.001726,-0.003990,10000.000000,1.613467,0.008833
0.614999,230.000701,-0.033392,0.001753,-0.004153,10000.000000,1.614029,0.008813
0.619999,230.000701,-0.034326,0.001780,-0.004320,10000.000000,1.614594,0.008793
0.624999,230.000717,-0.035276,0.001807,-0.004492,10000.000000,1.615171,0.008773
0.629999,230.000717,-0.036240,0.001834,-0.004669,10000.000000,1.615758,0.008753
0.634999,230.000717,-0.037221,0.001862,-0.004850,10000.000000,1.616356,0.008733
0.639999,230.000732,-0.038218,0.001889,-0.005036,10000.000000,1.616950,0.008713
0.644999,230.000717,-0.039225,0.001917,-0.005228,10000.000000,1.617540,0.008693
0.649999,230.000701,-0.040251,0.001944,-0.005424,10000.000000,1.618126,0.008674
0.654999,230.000701,-0.041291,0.001972,-0.005625,10000.000000,1.618707,0.008654
0.659999,230.000701,-0.042345,0.002000,-0.005831,10000.000000,1.619292,0.008635
0.664999,230.000701,-0.043418,0.002028,-0.006043,10000.000000,1.619880,0.008615
0.669999,230.000701,-0.044506,0.002056,-0.006260,10000.000000,1.620471,0.008596
0.674999,230.000701,-0.045607,0.002085,-0.006483,10000.000000,1.621065,0.008577
0.679999,230.000686,-0.046723,0.002113,-0.006710,10000.000000,1.621662,0.008558
0.684999,230.000686,-0.047858,0.002142,-0.006944,10000.000000,1.622263,0.008539
0.689999,230.000686,-0.049007,0.002170,-0.007184,10000.000000,1.622866,0.008520
0.694999,230.000686,-0.050170,0.002199,-0.007428,10000.000000,1.623472,0.008501
0.699999,230.000686,-0.051350,0.002228,-0.007679,10000.000000,1.624081,0.008482
0.704999,230.000686,-0.052547,0.002257,-0.007936,10000.000000,1.624692,0.008463
0.709999,230.000686,-0.053758,0.002286,-0.008199,10000.000000,1.625307,0.008445
0.714999,230.000671,-0.054984,0.002315,-0.008468,10000.000000,1.625924,0.008426
0.719999,230.000656,-0.056225,0.002344,-0.008742,10000.000000,1.626544,0.008408
0.724999,230.000640,-0.057482,0.002374,-0.009023,10000.000000,1.627167,0.008389
0.729999,230.000640,-0.058758,0.002403,-0.009310,10000.000000,1.627792,0.008371
0.734999,230.000625,-0.060045,0.002433,-0.009604,10000.000000,1.628420,0.008353
0.739999,230.000625,-0.061349,0.002462,-0.009904,10000.000000,1.629050,0.008334
0.744999,230.000610,-0.062672,0.002492,-0.010210,10000.000000,1.629683,0.008316
0.749999,230.000610,-0.064007,0.002522,-0.010524,10000.000000,1.630318,0.008298
0.754999,230.000595,-0.065359,0.002552,-0.010844,10000.000000,1.630956,0.008280
0.759999,230.000595,-0.066727,0.002582,-0.011170,10000.000000,1.631597,0.008262
0.764999,230.000579,-0.068111,0.002612,-0.011504,10000.000000,1.632239,0.008245
0.769999,230.000579,-0.069510,0.002642,-0.011844,10000.000000,1.632892,0.008227
0.774999,230.000564,-0.070925,0.002672,-0.012192,10000.000000,1.633554,0.008209
0.779999,230.000549,-0.072356,0.002703,-0.012546,10000.000000,1.634225,0.008192
0.784999,230.000534,-0.073802,0.002733,-0.012908,10000.000000,1.634892,0.008174
0.789999,230.000518,-0.075265,0.002763,-0.013277,10000.000000,1.635554,0.008157
0.794999,230.000503,-0.076743,0.002794,-0.013652,10000.000000,1.636210,0.008139
0.799999,230.000488,-0.078236,0.002825,-0.014036,10000.000000,1.636861,0.008122
0.804999,230.000473,-0.079746,0.002855,-0.014427,10000.000000,1.637506,0.008105
0.809999,230.000457,-0.081272,0.002886,-0.014826,10000.000000,1.638146,0.008087
0.814999,230.000442,-0.082811,0.002917,-0.015232,10000.000000,1.638781,0.008070
0.819999,230.000442,-0.084370,0.002948,-0.015645,10000.000000,1.639410,0.008053
0.824999,230.000427,-0.085943,0.002979,-0.016067,10000.000000,1.640049,0.008036
0.829999,230.000411,-0.087530,0.003009,-0.016497,10000.000000,1.640696,0.008019
0.834999,230.000396,-0.089136,0.003041,-0.016934,10000.000000,1.641353,0.008002
0.839999,230.000366,-0.090754,0.003072,-0.017379,10000.000000,1.642020,0.007986
0.844999,230.000335,-0.092389,0.003103,-0.017832,10000.000000,1.642695,0.007969
0.849999,230.000320,-0.094041,0.003134,-0.018293,10000.000000,1.643380,0.007952
0.854999,230.000305,-0.095708,0.003165,-0.018763,10000.000000,1.644074,0.007936
0.859999,230.000289,-0.097392,0.003196,-0.019242,10000.000000,1.644777,0.007919
0.864999,230.000259,-0.099088,0.003228,-0.019728,10000.000000,1.645474,0.007903
0.869999,230.000244,-0.100803,0.003259,-0.020224,10000.000000,1.646166,0.007886
0.874999,230.000228,-0.102534,0.003291,-0.020727,10000.000000,1.646852,0.007870
0.879999,230.000198,-0.104278,0.003322,-0.021240,10000.000000,1.647531,0.007854
0.884999,230.000198,-0.106039,0.003353,-0.021761,10000.000000,1.648206,0.007838
0.889999,230.000167,-0.107815,0.003385,-0.022291,10000.000000,1.648874,0.007821
0.894999,230.000137,-0.109606,0.003417,-0.022829,10000.000000,1.649536,0.007805
0.899999,230.000106,-0.111414,0.003448,-0.023377,10000.000000,1.650192,0.007789
0.904999,230.000076,-0.113235,0.003480,-0.023933,10000.000000,1.650857,0.007773
0.909999,230.000045,-0.115074,0.003512,-0.024499,10000.000000,1.651531,0.007758
0.914999,230.000030,-0.116928,0.003543,-0.025073,10000.000000,1.652213,0.007742
0.919999,229.999984,-0.118795,0.003575,-0.025658,10000.000000,1.652904,0.007726
0.924999,229.999969,-0.120680,0.003607,-0.026251,10000.000000,1.653604,0.007710
0.929999,229.999938,-0.122579,0.003638,-0.026854,10000.000000,1.654313,0.007695
0.934999,229.999923,-0.124496,0.003670,-0.027466,10000.000000,1.655030,0.007679
0.939999,229.999893,-0.126428,0.003702,-0.028088,10000.000000,1.655756,0.007664
0.944999,229.999847,-0.128372,0.003734,-0.028719,10000.000000,1.656476,0.007648
0.949999,229.999816,-0.130333,0.003766,-0.029361,10000.000000,1.657190,0.007633
0.954999,229.999771,-0.132308,0.003798,-0.030012,10000.000000,1.657897,0.007617
0.959999,229.999740,-0.134299,0.003830,-0.030673,10000.000000,1.658598,0.007602
0.964999,229.999710,-0.136306,0.003862,-0.031344,10000.000000,1.659293,0.007587
0.969999,229.999679,-0.138327,0.003893,-0.032025,10000.000000,1.659981,0.007572
0.974999,229.999649,-0.140365,0.003925,-0.032716,10000.000000,1.660663,0.007557
0.979999,229.999618,-0.142415,0.003957,-0.033417,10000.000000,1.661338,0.007541
0.984999,229.999572,-0.144482,0.003989,-0.034128,10000.000000,1.662022,0.007526
0.989999,229.999542,-0.146566,0.004021,-0.034850,10000.000000,1.662714,0.007512
0.994999,229.999496,-0.148662,0.004053,-0.035581,10000.000000,1.663414,0.007497
0.999999,229.999450,-0.150772,0.004085,-0.036324,10000.000000,1.664123,0.007482
1.004999,229.999404,-0.152898,0.004117,-0.037077,10000.000000,1.664840,0.007467
1.009999,229.999359,-0.155038,0.004149,-0.037841,10000.000000,1.665565,0.007452
1.014999,229.999313,-0.157195,0.004181,-0.038615,10000.000000,1.666299,0.007438
1.019999,229.999282,-0.159365,0.004213,-0.039400,10000.000000,1.667040,0.007423
1.024999,229.999237,-0.161549,0.004245,-0.040196,10000.000000,1.667775,0.007409
1.029999,229.999206,-0.163752,0.004277,-0.041003,10000.000000,1.668504,0.007394
1.034999,229.999145,-0.165963,0.004309,-0.041820,10000.000000,1.669226,0.007380
1.039999,229.999084,-0.168192,0.004341,-0.042649,10000.000000,1.669941,0.007365
1.044999,229.999053,-0.170437,0.004373,-0.043489,10000.000000,1.670649,0.007351
1.049999,229.998992,-0.172695,0.004405,-0.044340,10000.000000,1.671350,0.007337
1.054999,229.998931,-0.174965,0.004437,-0.045203,10000.000000,1.672045,0.007322
1.059999,229.998886,-0.177252,0.004469,-0.046076,10000.000000,1.672732,0.007308
1.064999,229.998840,-0.179553,0.004501,-0.046962,10000.000000,1.673428,0.007294
1.069999,229.998809,-0.181872,0.004533,-0.047859,10000.000000,1.674131,0.007280
1.074999,229.998748,-0.184201,0.004565,-0.048767,10000.000000,1.674843,0.007266
1.079999,229.998687,-0.186542,0.004597,-0.049686,10000.000000,1.675562,0.007252
1.084999,229.998626,-0.188901,0.004628,-0.050618,10000.000000,1.676289,0.007238
1.089999,229.998565,-0.191270,0.004660,-0.051561,10000.000000,1.677025,0.007224
1.094999,229.998519,-0.193658,0.004692,-0.052516,10000.000000,1.677767,0.007210
1.099999,229.998443,-0.196055,0.004724,-0.053483,10000.000000,1.678518,0.007197
1.104999,229.998397,-0.198471,0.004756,-0.054462,10000.000000,1.679262,0.007183
1.109999,229.998336,-0.200899,0.004787,-0.055453,10000.000000,1.679999,0.007169
1.114999,229.998291,-0.203339,0.004819,-0.056456,10000.000000,1.680729,0.007156
1.119999,229.998229,-0.205794,0.004851,-0.057472,10000.000000,1.681451,0.007142
1.124999,229.998153,-0.208261,0.004882,-0.058499,10000.000000,1.682167,0.007129
1.129999,229.998077,-0.210743,0.004914,-0.059539,10000.000000,1.682875,0.007115
1.134999,229.998016,-0.213239,0.004946,-0.060591,10000.000000,1.683576,0.007102
1.139999,229.997955,-0.215748,0.004977,-0.061655,10000.000000,1.684270,0.007088
1.144999,229.997879,-0.218269,0.005009,-0.062732,10000.000000,1.684971,0.007075
1.149999,229.997817,-0.220807,0.005040,-0.063822,10000.000000,1.685680,0.007062
1.154999,229.997756,-0.223355,0.005072,-0.064925,10000.000000,1.686397,0.007049
1.159999,229.997680,-0.225917,0.005103,-0.066040,10000.000000,1.687121,0.007035
1.164999,229.997604,-0.228495,0.005134,-0.067168,10000.000000,1.687853,0.007022
1.169999,229.997528,-0.231080,0.005166,-0.068309,10000.000000,1.688592,0.007009
1.174999,229.997451,-0.233683,0.005197,-0.069462,10000.000000,1.689338,0.006996
1.179999,229.997375,-0.236297,0.005228,-0.070629,10000.000000,1.690093,0.006983
1.184999,229.997299,-0.238926,0.005260,-0.071808,10000.000000,1.690840,0.006970
1.189999,229.997222,-0.241565,0.005291,-0.073001,10000.000000,1.691579,0.006957
1.194999,229.997146,-0.244218,0.005322,-0.074208,10000.000000,1.692311,0.006945
1.199999,229.997085,-0.246886,0.005353,-0.075427,10000.000000,1.693036,0.006932
1.204999,229.996978,-0.249562,0.005384,-0.076659,10000.000000,1.693753,0.006919
1.209999,229.996902,-0.252254,0.005415,-0.077905,10000.000000,1.694463,0.006906
1.214999,229.996810,-0.254957,0.005446,-0.079164,10000.000000,1.695165,0.006894
1.219999,229.996734,-0.257674,0.005477,-0.080437,10000.000000,1.695860,0.006881
1.224999,229.996643,-0.260402,0.005508,-0.081723,10000.000000,1.696562,0.006869
1.229999,229.996566,-0.263143,0.005539,-0.083023,10000.000000,1.697271,0.006856
1.234999,229.996475,-0.265898,0.005569,-0.084337,10000.000000,1.697987,0.006844
1.239999,229.996398,-0.268663,0.005600,-0.085665,10000.000000,1.698711,0.006831
1.244999,229.996292,-0.271439,0.005631,-0.087006,10000.000000,1.699441,0.006819
1.249999,229.996200,-0.274229,0.005661,-0.088361,10000.000000,1.700179,0.006807
1.254999,229.996109,-0.277032,0.005692,-0.089730,10000.000000,1.700925,0.006794
1.259999,229.996002,-0.279843,0.005722,-0.091113,10000.000000,1.701677,0.006782
1.264999,229.995910,-0.282668,0.005753,-0.092510,10000.000000,1.702422,0.006770
1.269999,229.995819,-0.285506,0.005783,-0.093922,10000.000000,1.703159,0.006758
1.274999,229.995727,-0.288354,0.005813,-0.095347,10000.000000,1.703889,0.006746
1.279999,229.995635,-0.291216,0.005844,-0.096786,10000.000000,1.704611,0.006734
1.284999,229.995529,-0.294087,0.005874,-0.098240,10000.000000,1.705325,0.006722
1.289999,229.995422,-0.296968,0.005904,-0.099708,10000.000976,1.706031,0.006710
1.294999,229.995315,-0.299862,0.005934,-0.101190,10000.001953,1.706730,0.006698
1.299998,229.995208,-0.302766,0.005964,-0.102687,10000.002929,1.707420,0.006686
1.304998,229.995101,-0.305683,0.005994,-0.104199,10000.003906,1.708118,0.006674
1.309998,229.994995,-0.308609,0.006024,-0.105724,10000.004882,1.708822,0.006662
1.314998,229.994903,-0.311549,0.006053,-0.107265,10000.005859,1.709534,0.006651
1.319998,229.994781,-0.314498,0.006083,-0.108819,10000.006835,1.710253,0.006639
1.324998,229.994674,-0.317458,0.006113,-0.110389,10000.007812,1.710978,0.006627
1.329998,229.994552,-0.320428,0.006142,-0.111974,10000.008789,1.711711,0.006616
1.334998,229.994430,-0.323409,0.006172,-0.113573,10000.009765,1.712450,0.006604
1.339998,229.994323,-0.326403,0.006201,-0.115187,10000.010742,1.713196,0.006593
1.344998,229.994201,-0.329406,0.006230,-0.116816,10000.011718,1.713935,0.006581
1.349998,229.994094,-0.332422,0.006260,-0.118461,10000.012695,1.714666,0.006570
1.354998,229.993972,-0.335444,0.006289,-0.120120,10000.013671,1.715388,0.006558
1.359998,229.993850,-0.338480,0.006318,-0.121794,10000.014648,1.716103,0.006547
1.364998,229.993728,-0.341522,0.006347,-0.123484,10000.015625,1.716810,0.006536
1.369998,229.993606,-0.344580,0.006376,-0.125189,10000.016601,1.717508,0.006524
1.374998,229.993484,-0.347645,0.006405,-0.126908,10000.017578,1.718199,0.006513
1.379998,229.993347,-0.350719,0.006433,-0.128644,10000.018554,1.718881,0.006502
1.384998,229.993225,-0.353805,0.006462,-0.130394,10000.019531,1.719571,0.006491
1.389998,229.993103,-0.356901,0.006491,-0.132160,10000.020507,1.720267,0.006480
1.394998,229.992965,-0.360006,0.006519,-0.133941,10000.021484,1.720970,0.006469
1.399998,229.992828,-0.363122,0.006548,-0.135738,10000.022460,1.721679,0.006458
1.404998,229.992691,-0.366244,0.006576,-0.137550,10000.023437,1.722395,0.006447
1.409998,229.992553,-0.369379,0.006604,-0.139378,10000.024414,1.723118,0.006436
1.414998,229.992431,-0.372524,0.006633,-0.141222,10000.025390,1.723848,0.006425
1.419998,229.992294,-0.375679,0.006661,-0.143081,10000.026367,1.724584,0.006414
1.424998,229.992156,-0.378840,0.006689,-0.144956,10000.027343,1.725313,0.006403
1.429998,229.992019,-0.382011,0.006717,-0.146847,10000.028320,1.726033,0.006393
1.434998,229.991867,-0.385193,0.006745,-0.148753,10000.029296,1.726745,0.006382
1.439998,229.991729,-0.388383,0.006772,-0.150675,10000.030273,1.727449,0.006371
1.444998,229.991577,-0.391582,0.006800,-0.152614,10000.031250,1.728145,0.006361
1.449998,229.991424,-0.394789,0.006828,-0.154568,10000.032226,1.728832,0.006350
1.454998,229.991287,-0.398005,0.006855,-0.156538,10000.033203,1.729511,0.006340
1.459998,229.991149,-0.401232,0.006882,-0.158525,10000.034179,1.730182,0.006329
1.464998,229.990997,-0.404467,0.006910,-0.160527,10000.035156,1.730859,0.006319
1.469998,229.990844,-0.407710,0.006937,-0.162546,10000.036132,1.731543,0.006308
1.474998,229.990676,-0.410960,0.006964,-0.164580,10000.037109,1.732234,0.006298
1.479998,229.990524,-0.414220,0.006991,-0.166631,10000.038085,1.732931,0.006287
1.484998,229.990371,-0.417489,0.007018,-0.168698,10000.039062,1.733634,0.006277
1.489998,229.990203,-0.420763,0.007045,-0.170782,10000.040039,1.734344,0.006267
1.494998,229.990051,-0.424050,0.007072,-0.172882,10000.041015,1.735061,0.006257
1.499998,229.989898,-0.427342,0.007098,-0.174998,10000.041992,1.735784,0.006247
1.504998,229.989730,-0.430642,0.007125,-0.177131,10000.042968,1.736507,0.006236
1.509998,229.989562,-0.433951,0.007151,-0.179280,10000.043945,1.737228,0.006226
1.514998,229.989379,-0.437265,0.007178,-0.181445,10000.044921,1.737949,0.006216
1.519998,229.989227,-0.440593,0.007204,-0.183627,10000.045898,1.738668,0.006206
1.524998,229.989059,-0.443925,0.007230,-0.185826,10000.046875,1.739387,0.006196
1.529998,229.988891,-0.447263,0.007256,-0.188042,10000.047851,1.740112,0.006187
1.534998,229.988723,-0.450611,0.007282,-0.190274,10000.048828,1.740844,0.006177
1.539998,229.988540,-0.453963,0.007308,-0.192522,10000.049804,1.741582,0.006167
1.544998,229.988357,-0.457325,0.007333,-0.194788,10000.050781,1.742327,0.006157
1.549998,229.988174,-0.460694,0.007359,-0.197070,10000.051757,1.743071,0.006147
1.554998,229.988006,-0.464069,0.007385,-0.199369,10000.052734,1.743814,0.006138
1.559998,229.987823,-0.467453,0.007410,-0.201685,10000.053710,1.744556,0.006128
1.564998,229.987640,-0.470843,0.007435,-0.204018,10000.054687,1.745305,0.006118
1.569998,229.987472,-0.474240,0.007460,-0.206368,10000.055664,1.746060,0.006109
1.574998,229.987274,-0.477641,0.007485,-0.208734,10000.056640,1.746822,0.006099
1.579998,229.987091,-0.481054,0.007510,-0.211117,10000.057617,1.747582,0.006090
1.584998,229.986892,-0.484467,0.007535,-0.213517,10000.058593,1.748342,0.006080
1.589998,229.986694,-0.487892,0.007560,-0.215934,10000.059570,1.749108,0.006071
1.594998,229.986511,-0.491323,0.007585,-0.218369,10000.060546,1.749881,0.006061
1.599998,229.986312,-0.494756,0.007609,-0.220821,10000.061523,1.750653,0.006052
1.604998,229.986114,-0.498198,0.007634,-0.223290,10000.062500,1.751424,0.006043
1.609998,229.985916,-0.501647,0.007658,-0.225775,10000.063476,1.752202,0.006034
1.614998,229.985702,-0.505101,0.007682,-0.228278,10000.064453,1.752971,0.006024
1.619998,229.985488,-0.508562,0.007706,-0.230799,10000.065429,1.753739,0.006015
1.624998,229.985305,-0.512027,0.007730,-0.233336,10000.066406,1.754513,0.006006
1.629998,229.985092,-0.515501,0.007754,-0.235892,10000.067382,1.755280,0.005997
1.634998,229.984893,-0.518977,0.007778,-0.238464,10000.068359,1.756045,0.005988
1.639998,229.984680,-0.522460,0.007801,-0.241053,10000.069335,1.756809,0.005979
1.644998,229.984466,-0.525949,0.007825,-0.243660,10000.070312,1.757580,0.005970
1.649998,229.984252,-0.529443,0.007848,-0.246284,10000.071289,1.758350,0.005961
1.654998,229.984024,-0.532940,0.007872,-0.248925,10000.072265,1.759118,0.005952
1.659998,229.983810,-0.536446,0.007895,-0.251584,10000.073242,1.759893,0.005943
1.664998,229.983596,-0.539956,0.007918,-0.254261,10000.074218,1.760660,0.005934
1.669998,229.983383,-0.543473,0.007941,-0.256955,10000.075195,1.761426,0.005926
1.674998,229.983154,-0.546991,0.007964,-0.259667,10000.076171,1.762198,0.005917
1.679998,229.982925,-0.550515,0.007986,-0.262396,10000.077148,1.762962,0.005908
1.684998,229.982696,-0.554046,0.008009,-0.265142,10000.078125,1.763724,0.005900
1.689998,229.982482,-0.557582,0.008031,-0.267906,10000.079101,1.764486,0.005891
1.694998,229.982238,-0.561120,0.008054,-0.270688,10000.080078,1.765239,0.005883
1.699998,229.982025,-0.564664,0.008076,-0.273488,10000.081054,1.765991,0.005874
1.704998,229.981796,-0.568213,0.008098,-0.276305,10000.082031,1.766742,0.005866
1.709998,229.981552,-0.571763,0.008120,-0.279140,10000.083007,1.767499,0.005857
1.714998,229.981323,-0.575321,0.008142,-0.281993,10000.083984,1.768248,0.005849
1.719998,229.981079,-0.578882,0.008164,-0.284863,10000.084960,1.769003,0.005840
1.724998,229.980834,-0.582448,0.008185,-0.287751,10000.085937,1.769772,0.005832
1.729998,229.980590,-0.586015,0.008207,-0.290657,10000.086914,1.770539,0.005824
1.734998,229.980361,-0.589589,0.008228,-0.293581,10000.087890,1.771314,0.005816
1.739998,229.980117,-0.593165,0.008249,-0.296521,10000.089843,1.772101,0.005807
1.744998,229.979858,-0.596745,0.008271,-0.299481,10000.091796,1.772888,0.005799
1.749998,229.979598,-0.600326,0.008292,-0.302457,10000.093750,1.773681,0.005791
1.754998,229.979339,-0.603912,0.008312,-0.305452,10000.095703,1.774474,0.005783
1.759998,229.979095,-0.607501,0.008333,-0.308464,10000.097656,1.775272,0.005775
1.764998,229.978836,-0.611094,0.008354,-0.311494,10000.099609,1.776070,0.005767
1.769998,229.978576,-0.614690,0.008374,-0.314543,10000.101562,1.776874,0.005759
1.774998,229.978332,-0.618291,0.008395,-0.317609,10000.103515,1.777677,0.005751
1.779998,229.978057,-0.621893,0.008415,-0.320693,10000.105468,1.778478,0.005744
1.784998,229.977798,-0.625498,0.008435,-0.323795,10000.107421,1.779272,0.005736
1.789998,229.977523,-0.629106,0.008455,-0.326916,10000.109375,1.780064,0.005728
1.794998,229.977264,-0.632719,0.008475,-0.330054,10000.111328,1.780863,0.005720
1.799998,229.976989,-0.636332,0.008495,-0.333210,10000.113281,1.781660,0.005713
1.804998,229.976745,-0.639950,0.008514,-0.336385,10000.115234,1.782464,0.005705
1.809998,229.976455,-0.643568,0.008534,-0.339577,10000.117187,1.783267,0.005697
1.814998,229.976181,-0.647192,0.008553,-0.342787,10000.119140,1.784076,0.005690
1.819998,229.975891,-0.650814,0.008572,-0.346015,10000.121093,1.784884,0.005682
1.824998,229.975616,-0.654440,0.008591,-0.349261,10000.123046,1.785684,0.005675
1.829998,229.975341,-0.658070,0.008610,-0.352526,10000.125000,1.786482,0.005667
1.834998,229.975067,-0.661700,0.008629,-0.355808,10000.126953,1.787272,0.005660
1.839998,229.974777,-0.665335,0.008648,-0.359109,10000.128906,1.788061,0.005653
1.844998,229.974472,-0.668966,0.008666,-0.362428,10000.130859,1.788842,0.005645
1.849998,229.974182,-0.672602,0.008685,-0.365765,10000.132812,1.789621,0.005638
1.854998,229.973892,-0.676242,0.008703,-0.369120,10000.134765,1.790407,0.005631
1.859998,229.973602,-0.679881,0.008721,-0.372493,10000.136718,1.791191,0.005624
1.864998,229.973312,-0.683521,0.008739,-0.375884,10000.138671,1.791982,0.005617
1.869998,229.973022,-0.687167,0.008757,-0.379294,10000.140625,1.792772,0.005609
1.874998,229.972717,-0.690810,0.008775,-0.382722,10000.142578,1.793568,0.005602
1.879998,229.972412,-0.694455,0.008793,-0.386167,10000.144531,1.794362,0.005595
1.884998,229.972106,-0.698103,0.008810,-0.389630,10000.146484,1.795149,0.005588
1.889998,229.971801,-0.701752,0.008828,-0.393113,10000.148437,1.795934,0.005582
1.894998,229.971496,-0.705400,0.008845,-0.396613,10000.150390,1.796711,0.005575
1.899998,229.971191,-0.709050,0.008862,-0.400132,10000.152343,1.797486,0.005568
1.904998,229.970870,-0.712700,0.008879,-0.403668,10000.154296,1.798253,0.005561
1.909998,229.970550,-0.716352,0.008896,-0.407222,10000.156250,1.799018,0.005554
1.914998,229.970230,-0.720003,0.008913,-0.410796,10000.158203,1.799790,0.005548
1.919998,229.969909,-0.723655,0.008929,-0.414387,10000.160156,1.800561,0.005541
1.924998,229.969589,-0.727308,0.008946,-0.417996,10000.162109,1.801338,0.005534
1.929998,229.969284,-0.730965,0.008962,-0.421623,10000.164062,1.802114,0.005528
1.934998,229.968963,-0.734622,0.008978,-0.425269,10000.166015,1.802896,0.005521
1.939998,229.968627,-0.738273,0.008994,-0.428932,10000.167968,1.803677,0.005515
1.944998,229.968292,-0.741927,0.009010,-0.432613,10000.169921,1.804449,0.005508
1.949998,229.967956,-0.745580,0.009026,-0.436314,10000.171875,1.805220,0.005502
1.954998,229.967620,-0.749237,0.009041,-0.440032,10000.173828,1.805983,0.005496
1.959998,229.967285,-0.752890,0.009057,-0.443769,10000.175781,1.806744,0.005489
1.964998,229.966964,-0.756545,0.009072,-0.447524,10000.177734,1.807497,0.005483
1.969998,229.966629,-0.760199,0.009088,-0.451297,10000.179687,1.808248,0.005477
1.974998,229.966278,-0.763852,0.009103,-0.455088,10000.181640,1.809006,0.005471
1.979998,229.965927,-0.767505,0.009118,-0.458897,10000.183593,1.809755,0.005464
1.984998,229.965591,-0.771159,0.009132,-0.462725,10000.185546,1.810503,0.005458
1.989998,229.965240,-0.774809,0.009147,-0.466571,10000.187500,1.811242,0.005452
1.994998,229.964889,-0.778461,0.009162,-0.470435,10000.189453,1.811980,0.005446
1.999998,229.964553,-0.782113,0.009176,-0.474317,10000.191406,1.812709,0.005440
2.004998,229.964187,-0.785763,0.009190,-0.478217,10000.193359,1.813437,0.005434
2.009998,229.963821,-0.789409,0.009204,-0.482135,10000.195312,1.814156,0.005429
2.014998,229.963470,-0.793059,0.009218,-0.486072,10000.197265,1.814874,0.005423
2.019998,229.963104,-0.796705,0.009232,-0.490026,10000.199218,1.815590,0.005417
2.024998,229.962738,-0.800347,0.009246,-0.493999,10000.202148,1.816298,0.005411
2.029999,229.962371,-0.803989,0.009259,-0.497990,10000.205078,1.817005,0.005405
2.034999,229.962020,-0.807632,0.009273,-0.502000,10000.208007,1.817702,0.005400
2.039999,229.961654,-0.811272,0.009286,-0.506028,10000.210937,1.818391,0.005394
2.044999,229.961257,-0.814908,0.009299,-0.510073,10000.213867,1.819079,0.005389
2.049999,229.960891,-0.818546,0.009312,-0.514136,10000.216796,1.819758,0.005383
2.054999,229.960525,-0.822181,0.009325,-0.518218,10000.219726,1.820428,0.005378
2.059999,229.960144,-0.825815,0.009338,-0.522318,10000.222656,1.821096,0.005372
2.064999,229.959762,-0.829445,0.009351,-0.526436,10000.225585,1.821756,0.005367
2.069999,229.959365,-0.833074,0.009363,-0.530572,10000.228515,1.822407,0.005362
2.075000,229.958984,-0.836699,0.009375,-0.534726,10000.231445,1.823056,0.005356
2.080000,229.958587,-0.840322,0.009388,-0.538898,10000.234375,1.823704,0.005351
2.085000,229.958206,-0.843946,0.009400,-0.543088,10000.237304,1.824351,0.005346
2.090000,229.957824,-0.847568,0.009412,-0.547296,10000.240234,1.824996,0.005341
2.095000,229.957412,-0.851185,0.009423,-0.551523,10000.243164,1.825647,0.005336
2.100000,229.957031,-0.854800,0.009435,-0.555767,10000.246093,1.826304,0.005330
2.105000,229.956619,-0.858414,0.009446,-0.560029,10000.249023,1.826960,0.005325
2.110000,229.956222,-0.862021,0.009458,-0.564309,10000.251953,1.827614,0.005320
2.115000,229.955810,-0.865627,0.009469,-0.568607,10000.254882,1.828275,0.005316
2.120001,229.955413,-0.869235,0.009480,-0.572923,10000.257812,1.828941,0.005311
2.125001,229.955001,-0.872835,0.009491,-0.577256,10000.260742,1.829606,0.005306
2.130001,229.954589,-0.876433,0.009502,-0.581608,10000.263671,1.830277,0.005301
2.135001,229.954193,-0.880030,0.009512,-0.585979,10000.266601,1.830954,0.005296
2.140001,229.953765,-0.883621,0.009523,-0.590366,10000.269531,1.831630,0.005292
2.145001,229.953353,-0.887211,0.009533,-0.594771,10000.272460,1.832311,0.005287
2.150001,229.952926,-0.890797,0.009543,-0.599195,10000.275390,1.832984,0.005282
2.155001,229.952514,-0.894380,0.009553,-0.603636,10000.278320,1.833656,0.005278
2.160001,229.952087,-0.897959,0.009563,-0.608095,10000.281250,1.834333,0.005273
2.165002,229.951660,-0.901534,0.009573,-0.612572,10000.284179,1.835010,0.005269
2.170002,229.951248,-0.905107,0.009583,-0.617067,10000.287109,1.835685,0.005264
2.175002,229.950805,-0.908673,0.009592,-0.621580,10000.290039,1.836351,0.005260
2.180002,229.950363,-0.912235,0.009602,-0.626109,10000.292968,1.837015,0.005256
2.185002,229.949935,-0.915798,0.009611,-0.630657,10000.295898,1.837686,0.005251
2.190002,229.949493,-0.919355,0.009620,-0.635223,10000.298828,1.838348,0.005247
2.195002,229.949066,-0.922906,0.009629,-0.639806,10000.301757,1.839009,0.005243
2.200002,229.948623,-0.926455,0.009638,-0.644406,10000.304687,1.839683,0.005239
2.205003,229.948181,-0.929999,0.009646,-0.649025,10000.307617,1.840363,0.005235
2.210003,229.947738,-0.933539,0.009655,-0.653661,10000.310546,1.841056,0.005231
2.215003,229.947280,-0.937076,0.009663,-0.658314,10000.313476,1.841749,0.005227
2.220003,229.946823,-0.940605,0.009672,-0.662986,10000.316406,1.842447,0.005223
2.225003,229.946380,-0.944130,0.009680,-0.667675,10000.319335,1.843144,0.005219
2.230003,229.945922,-0.947654,0.009688,-0.672382,10000.322265,1.843848,0.005215
2.235003,229.945465,-0.951170,0.009695,-0.677106,10000.325195,1.844550,0.005211
2.240003,229.945007,-0.954684,0.009703,-0.681848,10000.328125,1.845258,0.005208
2.245003,229.944534,-0.958191,0.009711,-0.686606,10000.331054,1.845965,0.005204
2.250004,229.944061,-0.961692,0.009718,-0.691383,10000.334960,1.846663,0.005200
2.255004,229.943603,-0.965189,0.009725,-0.696176,10000.338867,1.847367,0.005197
2.260004,229.943130,-0.968680,0.009732,-0.700988,10000.342773,1.848070,0.005193
2.265004,229.942657,-0.972166,0.009739,-0.705816,10000.346679,1.848779,0.005189
2.270004,229.942199,-0.975648,0.009746,-0.710663,10000.350585,1.849487,0.005186
2.275004,229.941711,-0.979122,0.009753,-0.715526,10000.354492,1.850201,0.005183
2.280004,229.941223,-0.982594,0.009759,-0.720406,10000.358398,1.850914,0.005179
2.285004,229.940734,-0.986059,0.009766,-0.725304,10000.362304,1.851618,0.005176
2.290004,229.940261,-0.989519,0.009772,-0.730219,10000.366210,1.852321,0.005173
2.295005,229.939773,-0.992972,0.009778,-0.735152,10000.370117,1.853023,0.005169
2.300005,229.939285,-0.996421,0.009784,-0.740101,10000.374023,1.853730,0.005166
2.305005,229.938796,-0.999864,0.009790,-0.745068,10000.377929,1.854437,0.005163
2.310005,229.938293,-1.003300,0.009796,-0.750052,10000.381835,1.855150,0.005160
2.315005,229.937789,-1.006728,0.009801,-0.755052,10000.385742,1.855861,0.005157
2.320005,229.937301,-1.010156,0.009807,-0.760070,10000.389648,1.856564,0.005154
2.325005,229.936798,-1.013575,0.009812,-0.765105,10000.393554,1.857273,0.005151
2.330005,229.936294,-1.016986,0.009817,-0.770157,10000.397460,1.857981,0.005148
2.335005,229.935791,-1.020394,0.009822,-0.775226,10000.401367,1.858680,0.005145
2.340006,229.935287,-1.023795,0.009827,-0.780312,10000.405273,1.859377,0.005143
2.345006,229.934768,-1.027188,0.009832,-0.785414,10000.409179,1.860067,0.005140
2.350006,229.934249,-1.030575,0.009836,-0.790534,10000.413085,1.860762,0.005137
2.355006,229.933746,-1.033957,0.009841,-0.795670,10000.416992,1.861456,0.005135
2.360006,229.933212,-1.037330,0.009845,-0.800823,10000.420898,1.862141,0.005132
2.365006,229.932693,-1.040699,0.009849,-0.805993,10000.424804,1.862825,0.005129
2.370006,229.932189,-1.044062,0.009853,-0.811180,10000.428710,1.863501,0.005127
2.375006,229.931671,-1.047417,0.009857,-0.816382,10000.432617,1.864175,0.005125
2.380007,229.931152,-1.050766,0.009861,-0.821603,10000.436523,1.864840,0.005122
2.385007,229.930618,-1.054105,0.009864,-0.826840,10000.440429,1.865504,0.005120
2.390007,229.930068,-1.057439,0.009868,-0.832093,10000.444335,1.866160,0.005118
2.395007,229.929534,-1.060764,0.009871,-0.837362,10000.448242,1.866821,0.005115
2.400007,229.929000,-1.064083,0.009874,-0.842649,10000.452148,1.867481,0.005113
2.405007,229.928466,-1.067400,0.009877,-0.847952,10000.456054,1.868147,0.005111
2.410007,229.927932,-1.070705,0.009880,-0.853272,10000.459960,1.868813,0.005109
2.415007,229.927398,-1.074003,0.009883,-0.858608,10000.463867,1.869469,0.005107
2.420007,229.926834,-1.077292,0.009886,-0.863960,10000.467773,1.870124,0.005105
2.425008,229.926284,-1.080576,0.009888,-0.869328,10000.471679,1.870778,0.005103
2.430008,229.925750,-1.083854,0.009890,-0.874712,10000.475585,1.871437,0.005101
2.435008,229.925186,-1.087121,0.009893,-0.880113,10000.479492,1.872096,0.005099
2.440008,229.924636,-1.090380,0.009895,-0.885530,10000.484375,1.872761,0.005098
2.445008,229.924072,-1.093631,0.009897,-0.890964,10000.489257,1.873424,0.005096
2.450008,229.923522,-1.096876,0.009898,-0.896414,10000.494140,1.874094,0.005094
2.455008,229.922958,-1.100111,0.009900,-0.901880,10000.499023,1.874762,0.005093
2.460008,229.922393,-1.103340,0.009902,-0.907362,10000.503906,1.875429,0.005091
2.465008,229.921813,-1.106558,0.009903,-0.912859,10000.508789,1.876102,0.005089
2.470009,229.921234,-1.109769,0.009904,-0.918373,10000.513671,1.876774,0.005088
2.475009,229.920669,-1.112975,0.009905,-0.923903,10000.518554,1.877453,0.005087
2.480009,229.920104,-1.116171,0.009906,-0.929448,10000.523437,1.878130,0.005085
2.485009,229.919540,-1.119358,0.009907,-0.935010,10000.528320,1.878805,0.005084
2.490009,229.918960,-1.122538,0.009908,-0.940587,10000.533203,1.879487,0.005083
2.495009,229.918365,-1.125709,0.009908,-0.946180,10000.538085,1.880168,0.005081
2.500009,229.917785,-1.128872,0.009909,-0.951788,10000.542968,1.880840,0.005080
2.505009,229.917190,-1.132025,0.009909,-0.957412,10000.547851,1.881518,0.005079
2.510010,229.916610,-1.135170,0.009909,-0.963053,10000.552734,1.882203,0.005078
2.515010,229.916015,-1.138308,0.009909,-0.968708,10000.557617,1.882886,0.005077
2.520010,229.915420,-1.141434,0.009909,-0.974380,10000.562500,1.883583,0.005076
2.525010,229.914840,-1.144555,0.009909,-0.980067,10000.567382,1.884287,0.005075
2.530010,229.914230,-1.147664,0.009908,-0.985770,10000.572265,1.884989,0.005074
2.535010,229.913619,-1.150764,0.009908,-0.991487,10000.577148,1.885690,0.005074
2.540010,229.913009,-1.153856,0.009907,-0.997220,10000.582031,1.886397,0.005073
2.545010,229.912399,-1.156937,0.009906,-1.002969,10000.586914,1.887111,0.005072
2.550010,229.911788,-1.160014,0.009905,-1.008733,10000.591796,1.887823,0.005072
2.555011,229.911193,-1.163081,0.009904,-1.014511,10000.596679,1.888535,0.005071
2.560011,229.910583,-1.166136,0.009903,-1.020306,10000.601562,1.889238,0.005070
2.565011,229.909973,-1.169183,0.009901,-1.026115,10000.606445,1.889947,0.005070
2.570011,229.909347,-1.172220,0.009900,-1.031940,10000.611328,1.890662,0.005070
2.575011,229.908721,-1.175247,0.009898,-1.037779,10000.616210,1.891377,0.005069
2.580011,229.908096,-1.178267,0.009896,-1.043634,10000.621093,1.892090,0.005069
2.585011,229.907470,-1.181275,0.009894,-1.049504,10000.625976,1.892795,0.005069
2.590011,229.906845,-1.184274,0.009892,-1.055389,10000.630859,1.893506,0.005068
2.595011,229.906219,-1.187266,0.009890,-1.061289,10000.635742,1.894216,0.005068
2.600012,229.905578,-1.190244,0.009888,-1.067203,10000.640625,1.894925,0.005068
2.605012,229.904953,-1.193215,0.009885,-1.073133,10000.645507,1.895633,0.005068
2.610012,229.904312,-1.196176,0.009883,-1.079077,10000.650390,1.896332,0.005068
2.615012,229.903671,-1.199125,0.009880,-1.085035,10000.656250,1.897038,0.005068
2.620012,229.903030,-1.202066,0.009877,-1.091008,10000.662109,1.897743,0.005068
2.625012,229.902389,-1.204996,0.009874,-1.096996,10000.667968,1.898446,0.005068
2.630012,229.901733,-1.207917,0.009871,-1.102999,10000.673828,1.899148,0.005069
2.635012,229.901092,-1.210825,0.009868,-1.109015,10000.679687,1.899842,0.005069
2.640012,229.900436,-1.213725,0.009864,-1.115046,10000.685546,1.900528,0.005069
2.645013,229.899795,-1.216615,0.009861,-1.121092,10000.691406,1.901212,0.005070
2.650013,229.899124,-1.219493,0.009857,-1.127152,10000.697265,1.901895,0.005070
2.655013,229.898468,-1.222359,0.009853,-1.133226,10000.703125,1.902577,0.005070
2.660013,229.897796,-1.225218,0.009850,-1.139315,10000.708984,1.903251,0.005071
2.665013,229.897125,-1.228065,0.009845,-1.145417,10000.714843,1.903931,0.005072
2.670013,229.896469,-1.230903,0.009841,-1.151534,10000.720703,1.904609,0.005072
2.675013,229.895797,-1.233730,0.009837,-1.157664,10000.726562,1.905287,0.005073
2.680013,229.895141,-1.236548,0.009833,-1.163810,10000.732421,1.905964,0.005074
2.685014,229.894470,-1.239353,0.009828,-1.169969,10000.738281,1.906639,0.005075
2.690014,229.893783,-1.242146,0.009823,-1.176141,10000.744140,1.907321,0.005075
2.695014,229.893112,-1.244933,0.009818,-1.182327,10000.750000,1.908009,0.005076
2.700014,229.892410,-1.247703,0.009813,-1.188527,10000.755859,1.908696,0.005077
2.705014,229.891723,-1.250467,0.009808,-1.194741,10000.761718,1.909382,0.005078
2.710014,229.891052,-1.253218,0.009803,-1.200969,10000.767578,1.910059,0.005079
2.715014,229.890365,-1.255959,0.009798,-1.207210,10000.773437,1.910743,0.005081
2.720014,229.889678,-1.258690,0.009792,-1.213465,10000.779296,1.911433,0.005082
2.725014,229.888992,-1.261410,0.009787,-1.219733,10000.785156,1.912122,0.005083
2.730015,229.888290,-1.264116,0.009781,-1.226015,10000.791015,1.912810,0.005084
2.735015,229.887603,-1.266812,0.009775,-1.232310,10000.796875,1.913497,0.005086
2.740015,229.886886,-1.269495,0.009769,-1.238618,10000.802734,1.914176,0.005087
2.745015,229.886184,-1.272170,0.009763,-1.244940,10000.808593,1.914861,0.005089
2.750015,229.885482,-1.274832,0.009756,-1.251276,10000.814453,1.915545,0.005090
2.755015,229.884765,-1.277482,0.009750,-1.257625,10000.820312,1.916228,0.005092
2.760015,229.884063,-1.280122,0.009743,-1.263987,10000.826171,1.916917,0.005093
2.765015,229.883346,-1.282750,0.009737,-1.270361,10000.832031,1.917605,0.005095
2.770015,229.882644,-1.285366,0.009730,-1.276748,10000.838867,1.918292,0.005097
2.775016,229.881927,-1.287970,0.009723,-1.283149,10000.845703,1.918978,0.005098
2.780016,229.881210,-1.290561,0.009716,-1.289562,10000.852539,1.919671,0.005100
2.785016,229.880477,-1.293143,0.009709,-1.295988,10000.859375,1.920370,0.005102
2.790016,229.879760,-1.295711,0.009702,-1.302427,10000.866210,1.921075,0.005104
2.795016,229.879028,-1.298265,0.009694,-1.308879,10000.873046,1.921787,0.005106
2.800016,229.878295,-1.300812,0.009687,-1.315343,10000.879882,1.922498,0.005108
2.805016,229.877563,-1.303343,0.009679,-1.321821,10000.886718,1.923208,0.005110
2.810016,229.876846,-1.305867,0.009671,-1.328311,10000.893554,1.923917,0.005113
2.815016,229.876113,-1.308376,0.009663,-1.334813,10000.900390,1.924625,0.005115
2.820017,229.875381,-1.310873,0.009655,-1.341328,10000.907226,1.925332,0.005117
2.825017,229.874633,-1.313358,0.009647,-1.347855,10000.914062,1.926038,0.005119
2.830017,229.873886,-1.315830,0.009639,-1.354395,10000.920898,1.926743,0.005122
2.835017,229.873138,-1.318289,0.009630,-1.360947,10000.927734,1.927447,0.005124
2.840017,229.872390,-1.320738,0.009622,-1.367510,10000.934570,1.928143,0.005127
2.845017,229.871627,-1.323174,0.009613,-1.374086,10000.941406,1.928830,0.005129
2.850017,229.870895,-1.325597,0.009604,-1.380674,10000.948242,1.929509,0.005132
2.855017,229.870132,-1.328011,0.009595,-1.387274,10000.955078,1.930194,0.005135
2.860018,229.869384,-1.330410,0.009586,-1.393886,10000.961914,1.930886,0.005137
2.865018,229.868637,-1.332798,0.009577,-1.400511,10000.968750,1.931577,0.005140
2.870018,229.867858,-1.335171,0.009568,-1.407146,10000.975585,1.932267,0.005143
2.875018,229.867095,-1.337534,0.009558,-1.413793,10000.982421,1.932956,0.005146
2.880018,229.866317,-1.339882,0.009549,-1.420452,10000.989257,1.933644,0.005149
2.885018,229.865554,-1.342219,0.009539,-1.427122,10000.996093,1.934331,0.005152
2.890018,229.864776,-1.344544,0.009529,-1.433804,10001.002929,1.935017,0.005155
2.895018,229.864013,-1.346856,0.009519,-1.440498,10001.009765,1.935695,0.005158
2.900018,229.863235,-1.349153,0.009509,-1.447203,10001.016601,1.936372,0.005161
2.905019,229.862457,-1.351439,0.009499,-1.453920,10001.023437,1.937048,0.005165
2.910019,229.861679,-1.353713,0.009489,-1.460647,10001.030273,1.937723,0.005168
2.915019,229.860916,-1.355974,0.009479,-1.467386,10001.037109,1.938397,0.005171
2.920019,229.860122,-1.358219,0.009468,-1.474135,10001.044921,1.939077,0.005175
2.925019,229.859329,-1.360452,0.009457,-1.480896,10001.052734,1.939764,0.005178
2.930019,229.858535,-1.362671,0.009447,-1.487668,10001.060546,1.940457,0.005182
2.935019,229.857742,-1.364880,0.009436,-1.494451,10001.068359,1.941157,0.005185
2.940019,229.856948,-1.367074,0.009425,-1.501245,10001.076171,1.941864,0.005189
2.945019,229.856140,-1.369251,0.009414,-1.508050,10001.083984,1.942577,0.005193
2.950020,229.855346,-1.371420,0.009402,-1.514865,10001.091796,1.943296,0.005196
2.955020,229.854553,-1.373576,0.009391,-1.521692,10001.099609,1.944022,0.005200
2.960020,229.853759,-1.375718,0.009380,-1.528529,10001.107421,1.944740,0.005204
2.965020,229.852951,-1.377846,0.009368,-1.535377,10001.115234,1.945450,0.005208
2.970020,229.852142,-1.379961,0.009356,-1.542235,10001.123046,1.946158,0.005212
2.975020,229.851318,-1.382060,0.009344,-1.549103,10001.130859,1.946866,0.005216
2.980020,229.850509,-1.384150,0.009332,-1.555982,10001.138671,1.947573,0.005220
2.985020,229.849685,-1.386222,0.009320,-1.562870,10001.146484,1.948279,0.005224
2.990020,229.848876,-1.388285,0.009308,-1.569769,10001.154296,1.948984,0.005228
2.995021,229.848052,-1.390332,0.009296,-1.576679,10001.162109,1.949689,0.005233
3.000021,229.847229,-1.392366,0.009283,-1.583599,10001.169921,1.950392,0.005237
3.005021,229.846405,-1.394388,0.009271,-1.590529,10001.177734,1.951095,0.005241
3.010021,229.845596,-1.396398,0.009258,-1.597469,10001.185546,1.951797,0.005246
3.015021,229.844772,-1.398388,0.009246,-1.604419,10001.193359,1.952498,0.005250
3.020021,229.843933,-1.400369,0.009233,-1.611379,10001.201171,1.953198,0.005255
3.025021,229.843078,-1.402332,0.009220,-1.618348,10001.208984,1.953898,0.005259
3.030021,229.842239,-1.404285,0.009207,-1.625327,10001.216796,1.954604,0.005264
3.035022,229.841415,-1.406225,0.009193,-1.632316,10001.224609,1.955316,0.005269
3.040022,229.840560,-1.408146,0.009180,-1.639314,10001.232421,1.956035,0.005274
3.045022,229.839721,-1.410059,0.009167,-1.646322,10001.240234,1.956761,0.005278
3.050022,229.838867,-1.411954,0.009153,-1.653339,10001.248046,1.957479,0.005283
3.055022,229.838027,-1.413839,0.009139,-1.660367,10001.255859,1.958188,0.005288
3.060022,229.837173,-1.415706,0.009125,-1.667402,10001.264648,1.958889,0.005293
3.065022,229.836334,-1.417560,0.009112,-1.674447,10001.273437,1.959582,0.005298
3.070022,229.835494,-1.419401,0.009098,-1.681502,10001.282226,1.960274,0.005303
3.075022,229.834625,-1.421228,0.009083,-1.688564,10001.291015,1.960965,0.005309
3.080023,229.833755,-1.423038,0.009069,-1.695636,10001.299804,1.961656,0.005314
3.085023,229.832901,-1.424835,0.009055,-1.702716,10001.308593,1.962345,0.005319
3.090023,229.832015,-1.426617,0.009040,-1.709807,10001.317382,1.963041,0.005324
3.095023,229.831161,-1.428387,0.009026,-1.716905,10001.326171,1.963744,0.005330
3.100023,229.830291,-1.430142,0.009011,-1.724012,10001.334960,1.964453,0.005335
3.105023,229.829421,-1.431883,0.008996,-1.731128,10001.343750,1.965170,0.005341
3.110023,229.828552,-1.433611,0.008981,-1.738252,10001.352539,1.965892,0.005346
3.115023,229.827682,-1.435323,0.008966,-1.745385,10001.361328,1.966607,0.005352
3.120023,229.826797,-1.437021,0.008951,-1.752526,10001.370117,1.967321,0.005358
3.125024,229.825942,-1.438707,0.008936,-1.759676,10001.378906,1.968034,0.005363
3.130024,229.825057,-1.440375,0.008921,-1.766834,10001.387695,1.968746,0.005369
3.135024,229.824172,-1.442030,0.008905,-1.774001,10001.396484,1.969457,0.005375
3.140024,229.823272,-1.443669,0.008890,-1.781174,10001.405273,1.970176,0.005381
3.145024,229.822387,-1.445294,0.008874,-1.788357,10001.414062,1.970901,0.005387
3.150024,229.821487,-1.446907,0.008858,-1.795547,10001.422851,1.971617,0.005393
3.155024,229.820602,-1.448504,0.008842,-1.802746,10001.431640,1.972326,0.005399
3.160024,229.819702,-1.450085,0.008826,-1.809952,10001.440429,1.973041,0.005405
3.165024,229.818801,-1.451653,0.008810,-1.817167,10001.449218,1.973763,0.005411
3.170025,229.817901,-1.453205,0.008794,-1.824389,10001.458007,1.974492,0.005417
3.175025,229.817001,-1.454743,0.008778,-1.831618,10001.466796,1.975228,0.005424
3.180025,229.816116,-1.456269,0.008761,-1.838856,10001.475585,1.975963,0.005430
3.185025,229.815216,-1.457779,0.008745,-1.846101,10001.484375,1.976697,0.005437
3.190025,229.814315,-1.459273,0.008728,-1.853354,10001.493164,1.977430,0.005443
3.195025,229.813415,-1.460753,0.008711,-1.860613,10001.501953,1.978170,0.005450
3.200025,229.812484,-1.462216,0.008695,-1.867879,10001.511718,1.978903,0.005456
3.205025,229.811569,-1.463666,0.008678,-1.875152,10001.521484,1.979634,0.005463
3.210026,229.810653,-1.465101,0.008661,-1.882432,10001.531250,1.980365,0.005469
3.215026,229.809722,-1.466518,0.008643,-1.889721,10001.541015,1.981095,0.005476
3.220026,229.808807,-1.467921,0.008626,-1.897016,10001.550781,1.981832,0.005483
3.225026,229.807891,-1.469311,0.008609,-1.904318,10001.560546,1.982561,0.005490
3.230026,229.806945,-1.470684,0.008591,-1.911627,10001.570312,1.983289,0.005497
3.235026,229.806030,-1.472046,0.008574,-1.918942,10001.580078,1.984016,0.005504
3.240026,229.805099,-1.473388,0.008556,-1.926264,10001.589843,1.984743,0.005511
3.245026,229.804183,-1.474720,0.008538,-1.933592,10001.599609,1.985462,0.005518
3.250026,229.803253,-1.476036,0.008520,-1.940927,10001.609375,1.986172,0.005525
3.255027,229.802322,-1.477333,0.008502,-1.948270,10001.619140,1.986882,0.005532
3.260027,229.801391,-1.478619,0.008484,-1.955618,10001.628906,1.987591,0.005540
3.265027,229.800445,-1.479888,0.008466,-1.962972,10001.638671,1.988307,0.005547
3.270027,229.799499,-1.481141,0.008448,-1.970332,10001.648437,1.989015,0.005554
3.275027,229.798538,-1.482380,0.008430,-1.977698,10001.658203,1.989722,0.005562
3.280027,229.797592,-1.483604,0.008411,-1.985071,10001.667968,1.990429,0.005569
3.285027,229.796646,-1.484812,0.008393,-1.992450,10001.677734,1.991135,0.005577
3.290027,229.795684,-1.486006,0.008374,-1.999834,10001.687500,1.991847,0.005584
3.295027,229.794738,-1.487185,0.008355,-2.007224,10001.697265,1.992566,0.005592
3.300028,229.793777,-1.488346,0.008336,-2.014621,10001.707031,1.993278,0.005600
3.305028,229.792831,-1.489494,0.008317,-2.022022,10001.716796,1.993988,0.005608
3.310028,229.791870,-1.490626,0.008298,-2.029430,10001.726562,1.994698,0.005615
3.315028,229.790924,-1.491746,0.008279,-2.036844,10001.736328,1.995407,0.005623
3.320028,229.789962,-1.492848,0.008260,-2.044263,10001.746093,1.996123,0.005631
3.325028,229.789001,-1.493935,0.008240,-2.051687,10001.755859,1.996831,0.005639
3.330028,229.788040,-1.495004,0.008221,-2.059118,10001.766601,1.997545,0.005647
3.335028,229.787078,-1.496059,0.008201,-2.066553,10001.777343,1.998267,0.005655
3.340029,229.786102,-1.497098,0.008182,-2.073992,10001.788085,1.998995,0.005663
3.345029,229.785125,-1.498121,0.008162,-2.081436,10001.798828,1.999723,0.005672
3.350029,229.784149,-1.499129,0.008142,-2.088885,10001.809570,2.000450,0.005680
3.355029,229.783157,-1.500122,0.008122,-2.096339,10001.820312,2.001184,0.005688
3.360029,229.782180,-1.501098,0.008102,-2.103798,10001.831054,2.001924,0.005697
3.365029,229.781204,-1.502061,0.008082,-2.111262,10001.841796,2.002665,0.005705
3.370029,229.780212,-1.503007,0.008062,-2.118730,10001.852539,2.003404,0.005714

